{
  "Winnipeg": [
    {
      "title": "The Forks",
      "desc": "Historic site & market at river junction."
    },
    {
      "title": "Assiniboine Park",
      "desc": "Botanical gardens, zoo & green spaces."
    },
    {
      "title": "Canadian Museum for Human Rights",
      "desc": "Iconic museum with exhibits."
    },
    {
      "title": "Exchange District",
      "desc": "Heritage architecture & cafes."
    },
    {
      "title": "FortWhyte Alive",
      "desc": "Nature reserve with bison."
    }
  ],
  "Vancouver": [
    {
      "title": "Stanley Park",
      "desc": "Seawall & forests."
    },
    {
      "title": "Capilano Suspension Bridge",
      "desc": "Cliffwalk & treetops."
    },
    {
      "title": "Granville Island",
      "desc": "Public market & arts."
    },
    {
      "title": "Grouse Mountain",
      "desc": "Gondola & views."
    }
  ],
  "Toronto": [
    {
      "title": "CN Tower",
      "desc": "Observation deck & EdgeWalk."
    },
    {
      "title": "Royal Ontario Museum",
      "desc": "Natural history & cultures."
    },
    {
      "title": "Distillery District",
      "desc": "Pedestrian heritage area."
    },
    {
      "title": "Toronto Islands",
      "desc": "Beaches & skyline views."
    }
  ]
}